impl,scale,run,read_ms,process_ms,write_ms,total_ms,wall_ms
strset,10000,1,0.022,0.729,0.021,0.773,5
strset,10000,2,0.023,0.674,0.031,0.728,5
strset,10000,3,0.018,0.617,0.013,0.648,4
strset,10000,4,0.017,0.576,0.012,0.605,3
strset,10000,5,0.018,0.565,0.016,0.599,3
strset_naive,10000,1,0.036,1.341,0.025,1.401,7
strset_naive,10000,2,0.022,0.835,0.018,0.876,5
strset_naive,10000,3,0.021,0.732,0.016,0.769,4
strset_naive,10000,4,0.019,0.652,0.013,0.685,4
strset_naive,10000,5,0.019,0.642,0.014,0.675,4
strset,30000,1,0.043,1.712,0.025,1.781,5
strset,30000,2,0.044,1.728,0.017,1.789,5
strset,30000,3,0.043,1.737,0.018,1.799,5
strset,30000,4,0.052,1.721,0.015,1.787,5
strset,30000,5,0.042,1.686,0.015,1.744,5
strset_naive,30000,1,0.039,1.721,0.017,1.776,5
strset_naive,30000,2,0.042,1.660,0.016,1.718,5
strset_naive,30000,3,0.041,1.675,0.017,1.734,5
strset_naive,30000,4,0.042,1.665,0.019,1.726,5
strset_naive,30000,5,0.043,1.690,0.015,1.748,5
strset,100000,1,0.195,6.116,0.029,6.339,9
strset,100000,2,0.185,6.059,0.027,6.270,9
strset,100000,3,0.205,5.999,0.022,6.226,9
strset,100000,4,0.206,6.083,0.026,6.315,9
strset,100000,5,0.196,6.037,0.022,6.254,9
strset_naive,100000,1,0.199,6.769,0.023,6.991,10
strset_naive,100000,2,0.206,6.591,0.041,6.837,10
strset_naive,100000,3,0.200,6.580,0.026,6.806,10
strset_naive,100000,4,0.193,6.368,0.022,6.582,10
strset_naive,100000,5,0.212,6.702,0.028,6.943,10
strset,300000,1,0.603,18.670,0.068,19.341,23
strset,300000,2,0.613,18.627,0.069,19.310,23
strset,300000,3,0.620,18.698,0.067,19.385,23
strset,300000,4,0.595,18.587,0.067,19.249,23
strset,300000,5,0.601,18.816,0.074,19.491,23
strset_naive,300000,1,0.595,21.344,0.054,21.993,26
strset_naive,300000,2,0.619,19.938,0.054,20.611,24
strset_naive,300000,3,0.591,20.175,0.057,20.823,24
strset_naive,300000,4,0.570,20.728,0.059,21.357,25
strset_naive,300000,5,0.614,20.052,0.057,20.722,24
strset,1000000,1,2.352,67.626,0.203,70.181,74
strset,1000000,2,2.422,67.185,0.203,69.810,74
strset,1000000,3,2.390,65.786,0.201,68.377,72
strset,1000000,4,2.425,65.607,0.193,68.225,72
strset,1000000,5,2.426,64.730,0.202,67.358,72
strset_naive,1000000,1,2.417,74.671,0.193,77.281,84
strset_naive,1000000,2,2.436,74.022,0.192,76.651,83
strset_naive,1000000,3,2.402,75.069,0.202,77.673,84
strset_naive,1000000,4,2.388,74.264,0.186,76.837,83
strset_naive,1000000,5,2.540,75.203,0.238,77.981,85
